{"cameraMode":{"drawMode":0,"name":"Shaded","section":"Shading Mode"},"sceneLighting":true,"audioPlay":false,"sceneViewState":{"showFog":true,"showMaterialUpdate":false,"showSkybox":true,"showFlares":true,"showImageEffects":true,"showParticleSystems":true,"showVisualEffectGraphs":true,"m_FxEnabled":true},"in2DMode":false,"pivot":{"x":1.8325562477111817,"y":2.32920503616333,"z":-0.04491686820983887},"rotation":{"x":0.08115819841623306,"y":0.8552156090736389,"z":-0.14139436185359956,"w":0.49138447642326357},"size":4.166025161743164,"orthographic":false}